{
  "logEnabled": false,
  "loglevel": "warning",
  "index": 20,
  "muxEnabled": true,
  "sysProxyType": 1,
  "allowLANConn": false,
  "enableStatistics": true,
  "keepOlderDedupl": false,
  "statisticsFreshRate": 2000,
  "remoteDNS": "8.8.8.8,1.1.1.1",
  "defAllowInsecure": true,
  "domainStrategy": "IPIfNonMatch",
  "domainMatcher": "linear",
  "routingIndex": 2,
  "enableRoutingAdvanced": true,
  "coreType": 0,
  "ignoreGeoUpdateCore": false,
  "systemProxyExceptions": "",
  "autoUpdateInterval": 0,
  "enableSecurityProtocolTls13": false,
  "inbound": [
    {
      "localPort": 10808,
      "protocol": "socks",
      "udpEnabled": true,
      "sniffingEnabled": true
    }
  ],
  "vmess": [
    {
      "indexId": "4784843787459024236",
      "configVersion": 2,
      "address": "us.lianjianode.cc",
      "port": 21001,
      "id": "7a221026-4142-43e0-994d-5166e65b0a56",
      "alterId": 0,
      "security": "auto",
      "network": "ws",
      "remarks": "剩余流量：1000 GB",
      "headerType": "none",
      "requestHost": "us1.luodi.xyz",
      "path": "/usa",
      "streamSecurity": "",
      "allowInsecure": "True",
      "configType": 1,
      "testResult": "    24ms",
      "subid": "5194518840089628397",
      "flow": "",
      "sni": "",
      "alpn": []
    },
    {
      "indexId": "5707155885839269641",
      "configVersion": 2,
      "address": "us.lianjianode.cc",
      "port": 21001,
      "id": "7a221026-4142-43e0-994d-5166e65b0a56",
      "alterId": 0,
      "security": "auto",
      "network": "ws",
      "remarks": "套餐到期：2024-06-07",
      "headerType": "none",
      "requestHost": "us1.luodi.xyz",
      "path": "/usa",
      "streamSecurity": "",
      "allowInsecure": "True",
      "configType": 1,
      "testResult": "    24ms",
      "subid": "5194518840089628397",
      "flow": "",
      "sni": "",
      "alpn": []
    },
    {
      "indexId": "5498756010288446956",
      "configVersion": 2,
      "address": "us.lianjianode.cc",
      "port": 21001,
      "id": "7a221026-4142-43e0-994d-5166e65b0a56",
      "alterId": 0,
      "security": "auto",
      "network": "ws",
      "remarks": "官网地址: 廉价机场.com",
      "headerType": "none",
      "requestHost": "us1.luodi.xyz",
      "path": "/usa",
      "streamSecurity": "",
      "allowInsecure": "True",
      "configType": 1,
      "testResult": "    24ms",
      "subid": "5194518840089628397",
      "flow": "",
      "sni": "",
      "alpn": []
    },
    {
      "indexId": "4939029097848308358",
      "configVersion": 2,
      "address": "us.lianjianode.cc",
      "port": 21002,
      "id": "7a221026-4142-43e0-994d-5166e65b0a56",
      "alterId": 0,
      "security": "auto",
      "network": "ws",
      "remarks": "不能用的请自行更新订阅",
      "headerType": "none",
      "requestHost": "us1.luodi.xyz",
      "path": "/usa",
      "streamSecurity": "",
      "allowInsecure": "True",
      "configType": 1,
      "testResult": "    24ms",
      "subid": "5194518840089628397",
      "flow": "",
      "sni": "",
      "alpn": []
    },
    {
      "indexId": "5409736402976825947",
      "configVersion": 2,
      "address": "us.lianjianode.cc",
      "port": 21000,
      "id": "7a221026-4142-43e0-994d-5166e65b0a56",
      "alterId": 0,
      "security": "auto",
      "network": "ws",
      "remarks": "🇺🇸美国 01-中转",
      "headerType": "none",
      "requestHost": "us1.luodi.xyz",
      "path": "/usa",
      "streamSecurity": "",
      "allowInsecure": "True",
      "configType": 1,
      "testResult": "    24ms",
      "subid": "5194518840089628397",
      "flow": "",
      "sni": "",
      "alpn": []
    },
    {
      "indexId": "4963923063113681119",
      "configVersion": 2,
      "address": "us.lianjianode.cc",
      "port": 34175,
      "id": "7a221026-4142-43e0-994d-5166e65b0a56",
      "alterId": 0,
      "security": "auto",
      "network": "ws",
      "remarks": "🇺🇸美国 02-中转",
      "headerType": "none",
      "requestHost": "us1.luodi.xyz",
      "path": "/usa",
      "streamSecurity": "",
      "allowInsecure": "True",
      "configType": 1,
      "testResult": "    24ms",
      "subid": "5194518840089628397",
      "flow": "",
      "sni": "",
      "alpn": []
    },
    {
      "indexId": "5002945316346870118",
      "configVersion": 2,
      "address": "tw.lianjianode.cc",
      "port": 21003,
      "id": "7a221026-4142-43e0-994d-5166e65b0a56",
      "alterId": 0,
      "security": "auto",
      "network": "ws",
      "remarks": "🇨🇳台湾 01-中转",
      "headerType": "none",
      "requestHost": "hinet.luodi.xyz",
      "path": "/hinet",
      "streamSecurity": "",
      "allowInsecure": "True",
      "configType": 1,
      "testResult": "    24ms",
      "subid": "5194518840089628397",
      "flow": "",
      "sni": "",
      "alpn": []
    },
    {
      "indexId": "5418509187635856939",
      "configVersion": 2,
      "address": "tw.lianjianode.cc",
      "port": 21004,
      "id": "7a221026-4142-43e0-994d-5166e65b0a56",
      "alterId": 0,
      "security": "auto",
      "network": "ws",
      "remarks": "🇨🇳台湾 02-中转",
      "headerType": "none",
      "requestHost": "hinet.luodi.xyz",
      "path": "/hinet",
      "streamSecurity": "",
      "allowInsecure": "True",
      "configType": 1,
      "testResult": "    24ms",
      "subid": "5194518840089628397",
      "flow": "",
      "sni": "",
      "alpn": []
    },
    {
      "indexId": "5278744151639018561",
      "configVersion": 2,
      "address": "jp.lianjianode.cc",
      "port": 21010,
      "id": "7a221026-4142-43e0-994d-5166e65b0a56",
      "alterId": 0,
      "security": "auto",
      "network": "ws",
      "remarks": "🇯🇵 日本 01-中转",
      "headerType": "none",
      "requestHost": "jp1.luodi.xyz",
      "path": "/japan",
      "streamSecurity": "",
      "allowInsecure": "True",
      "configType": 1,
      "testResult": "    24ms",
      "subid": "5194518840089628397",
      "flow": "",
      "sni": "",
      "alpn": []
    },
    {
      "indexId": "4928916141953408338",
      "configVersion": 2,
      "address": "jp.lianjianode.cc",
      "port": 21011,
      "id": "7a221026-4142-43e0-994d-5166e65b0a56",
      "alterId": 0,
      "security": "auto",
      "network": "ws",
      "remarks": "🇯🇵日本 02-中转",
      "headerType": "none",
      "requestHost": "jp1.luodi.xyz",
      "path": "/japan",
      "streamSecurity": "",
      "allowInsecure": "True",
      "configType": 1,
      "testResult": "    25ms",
      "subid": "5194518840089628397",
      "flow": "",
      "sni": "",
      "alpn": []
    },
    {
      "indexId": "5342334631520871556",
      "configVersion": 2,
      "address": "jp.lianjianode.cc",
      "port": 21012,
      "id": "7a221026-4142-43e0-994d-5166e65b0a56",
      "alterId": 0,
      "security": "auto",
      "network": "ws",
      "remarks": "🇯🇵 日本 03-中转",
      "headerType": "none",
      "requestHost": "jp1.luodi.xyz",
      "path": "/japan",
      "streamSecurity": "",
      "allowInsecure": "True",
      "configType": 1,
      "testResult": "    24ms",
      "subid": "5194518840089628397",
      "flow": "",
      "sni": "",
      "alpn": []
    },
    {
      "indexId": "5657744245203379245",
      "configVersion": 2,
      "address": "jp.lianjianode.cc",
      "port": 21013,
      "id": "7a221026-4142-43e0-994d-5166e65b0a56",
      "alterId": 0,
      "security": "auto",
      "network": "ws",
      "remarks": "🇯🇵 日本 04-中转",
      "headerType": "none",
      "requestHost": "jp1.luodi.xyz",
      "path": "/japan",
      "streamSecurity": "",
      "allowInsecure": "True",
      "configType": 1,
      "testResult": "    24ms",
      "subid": "5194518840089628397",
      "flow": "",
      "sni": "",
      "alpn": []
    },
    {
      "indexId": "5475416444244023109",
      "configVersion": 2,
      "address": "sg.lianjianode.cc",
      "port": 21020,
      "id": "7a221026-4142-43e0-994d-5166e65b0a56",
      "alterId": 0,
      "security": "auto",
      "network": "ws",
      "remarks": "🇸🇬新加坡 01-中转",
      "headerType": "none",
      "requestHost": "sg1.luodi.xyz",
      "path": "/singapore",
      "streamSecurity": "",
      "allowInsecure": "True",
      "configType": 1,
      "testResult": "    24ms",
      "subid": "5194518840089628397",
      "flow": "",
      "sni": "",
      "alpn": []
    },
    {
      "indexId": "4889467412106723244",
      "configVersion": 2,
      "address": "sg.lianjianode.cc",
      "port": 21021,
      "id": "7a221026-4142-43e0-994d-5166e65b0a56",
      "alterId": 0,
      "security": "auto",
      "network": "ws",
      "remarks": "🇸🇬新加坡 02-中转",
      "headerType": "none",
      "requestHost": "sg1.luodi.xyz",
      "path": "/singapore",
      "streamSecurity": "",
      "allowInsecure": "True",
      "configType": 1,
      "testResult": "    24ms",
      "subid": "5194518840089628397",
      "flow": "",
      "sni": "",
      "alpn": []
    },
    {
      "indexId": "5601075382768933999",
      "configVersion": 2,
      "address": "hk.lianjianode.cc",
      "port": 21030,
      "id": "7a221026-4142-43e0-994d-5166e65b0a56",
      "alterId": 0,
      "security": "auto",
      "network": "ws",
      "remarks": "🇭🇰香港 01-中转",
      "headerType": "none",
      "requestHost": "hk1.luodi.xyz",
      "path": "/hongkong",
      "streamSecurity": "",
      "allowInsecure": "True",
      "configType": 1,
      "testResult": "    42ms",
      "subid": "5194518840089628397",
      "flow": "",
      "sni": "",
      "alpn": []
    },
    {
      "indexId": "5400640495731091697",
      "configVersion": 2,
      "address": "hk.lianjianode.cc",
      "port": 21031,
      "id": "7a221026-4142-43e0-994d-5166e65b0a56",
      "alterId": 0,
      "security": "auto",
      "network": "ws",
      "remarks": "🇭🇰 香港 02-中转",
      "headerType": "none",
      "requestHost": "hk1.luodi.xyz",
      "path": "/hongkong",
      "streamSecurity": "",
      "allowInsecure": "True",
      "configType": 1,
      "testResult": "    42ms",
      "subid": "5194518840089628397",
      "flow": "",
      "sni": "",
      "alpn": []
    },
    {
      "indexId": "5419407721253566740",
      "configVersion": 2,
      "address": "hk.lianjianode.cc",
      "port": 21032,
      "id": "7a221026-4142-43e0-994d-5166e65b0a56",
      "alterId": 0,
      "security": "auto",
      "network": "ws",
      "remarks": "🇭🇰 香港 03-中转",
      "headerType": "none",
      "requestHost": "hk1.luodi.xyz",
      "path": "/hongkong",
      "streamSecurity": "",
      "allowInsecure": "True",
      "configType": 1,
      "testResult": "    42ms",
      "subid": "5194518840089628397",
      "flow": "",
      "sni": "",
      "alpn": []
    },
    {
      "indexId": "4747030269430152624",
      "configVersion": 2,
      "address": "hk.lianjianode.cc",
      "port": 21033,
      "id": "7a221026-4142-43e0-994d-5166e65b0a56",
      "alterId": 0,
      "security": "auto",
      "network": "ws",
      "remarks": "🇭🇰 香港 04-中转",
      "headerType": "none",
      "requestHost": "hk1.luodi.xyz",
      "path": "/hongkong",
      "streamSecurity": "",
      "allowInsecure": "True",
      "configType": 1,
      "testResult": "    42ms",
      "subid": "5194518840089628397",
      "flow": "",
      "sni": "",
      "alpn": []
    },
    {
      "indexId": "4799519618315066333",
      "configVersion": 2,
      "address": "ca.lianjianode.cc",
      "port": 21034,
      "id": "7a221026-4142-43e0-994d-5166e65b0a56",
      "alterId": 0,
      "security": "auto",
      "network": "ws",
      "remarks": "🇨🇦 加拿大01-中转",
      "headerType": "none",
      "requestHost": "hk1.luodi.xyz",
      "path": "/hongkong",
      "streamSecurity": "",
      "allowInsecure": "True",
      "configType": 1,
      "testResult": "    24ms",
      "subid": "5194518840089628397",
      "flow": "",
      "sni": "",
      "alpn": []
    },
    {
      "indexId": "4940405832204033913",
      "configVersion": 2,
      "address": "ca.lianjianode.cc",
      "port": 21035,
      "id": "7a221026-4142-43e0-994d-5166e65b0a56",
      "alterId": 0,
      "security": "auto",
      "network": "ws",
      "remarks": "🇨🇦 加拿大02-中转",
      "headerType": "none",
      "requestHost": "hk1.luodi.xyz",
      "path": "/hongkong",
      "streamSecurity": "",
      "allowInsecure": "True",
      "configType": 1,
      "testResult": "    24ms",
      "subid": "5194518840089628397",
      "flow": "",
      "sni": "",
      "alpn": []
    },
    {
      "indexId": "4994824960143213685",
      "configVersion": 2,
      "address": "03d08af7-8973-4f21-be0f-8ddd22fcd6fd.json",
      "port": 0,
      "id": "",
      "alterId": 0,
      "security": "",
      "network": "",
      "remarks": "均衡负载",
      "headerType": "",
      "requestHost": "",
      "path": "",
      "streamSecurity": "",
      "allowInsecure": "",
      "configType": 2,
      "testResult": "",
      "subid": "",
      "flow": "",
      "sni": null,
      "alpn": null
    }
  ],
  "kcpItem": {
    "mtu": 1350,
    "tti": 50,
    "uplinkCapacity": 12,
    "downlinkCapacity": 100,
    "congestion": false,
    "readBufferSize": 2,
    "writeBufferSize": 2
  },
  "subItem": [
    {
      "id": "5194518840089628397",
      "remarks": "remarks",
      "url": "https://lianjiasub.work/api/v1/client/subscribe?token=080b7ff2d4adea15402c80e16fca346a",
      "enabled": true,
      "userAgent": ""
    }
  ],
  "uiItem": {
    "enableAutoAdjustMainLvColWidth": true,
    "mainSize": "1450, 946",
    "mainLvColWidth": {
      "def": 27,
      "configType": 122,
      "remarks": 229,
      "address": 131,
      "port": 171,
      "security": 60,
      "network": 60,
      "streamSecurity": 72,
      "subRemarks": 61,
      "testResult": 143,
      "todayDown": 60,
      "todayUp": 60,
      "totalDown": 120,
      "totalUp": 229
    }
  },
  "routings": [
    {
      "remarks": "绕过大陆(Whitelist)",
      "url": "",
      "rules": [
        {
          "type": null,
          "port": null,
          "inboundTag": [],
          "outboundTag": "direct",
          "ip": null,
          "domain": [
            "domain:windowsupdate.com",
            "domain:microsoft.com",
            "domain:windows.com"
          ],
          "protocol": null,
          "enabled": true
        },
        {
          "type": null,
          "port": null,
          "inboundTag": null,
          "outboundTag": "block",
          "ip": null,
          "domain": [
            "geosite:category-ads-all"
          ],
          "protocol": null,
          "enabled": true
        },
        {
          "type": null,
          "port": null,
          "inboundTag": null,
          "outboundTag": "direct",
          "ip": null,
          "domain": [
            "geosite:cn"
          ],
          "protocol": null,
          "enabled": true
        },
        {
          "type": null,
          "port": null,
          "inboundTag": null,
          "outboundTag": "direct",
          "ip": [
            "geoip:private",
            "geoip:cn"
          ],
          "domain": null,
          "protocol": null,
          "enabled": true
        },
        {
          "type": null,
          "port": "0-65535",
          "inboundTag": null,
          "outboundTag": "proxy",
          "ip": null,
          "domain": null,
          "protocol": null,
          "enabled": true
        }
      ],
      "enabled": true,
      "locked": false,
      "customIcon": ""
    },
    {
      "remarks": "黑名单(Blacklist)",
      "url": "",
      "rules": [
        {
          "type": null,
          "port": null,
          "inboundTag": null,
          "outboundTag": "direct",
          "ip": null,
          "domain": null,
          "protocol": [
            "bittorrent"
          ],
          "enabled": true
        },
        {
          "type": null,
          "port": null,
          "inboundTag": null,
          "outboundTag": "block",
          "ip": null,
          "domain": [
            "geosite:category-ads-all"
          ],
          "protocol": null,
          "enabled": true
        },
        {
          "type": null,
          "port": null,
          "inboundTag": null,
          "outboundTag": "proxy",
          "ip": [
            "geoip:telegram"
          ],
          "domain": [
            "geosite:gfw",
            "geosite:greatfire",
            "geosite:tld-!cn"
          ],
          "protocol": null,
          "enabled": true
        },
        {
          "type": null,
          "port": "0-65535",
          "inboundTag": null,
          "outboundTag": "direct",
          "ip": null,
          "domain": null,
          "protocol": null,
          "enabled": true
        }
      ],
      "enabled": true,
      "locked": false,
      "customIcon": null
    },
    {
      "remarks": "全局(Global)",
      "url": "",
      "rules": [
        {
          "type": null,
          "port": "0-65535",
          "inboundTag": null,
          "outboundTag": "proxy",
          "ip": null,
          "domain": null,
          "protocol": null,
          "enabled": true
        }
      ],
      "enabled": true,
      "locked": false,
      "customIcon": null
    },
    {
      "remarks": "locked",
      "url": "",
      "rules": [
        {
          "type": null,
          "port": null,
          "inboundTag": null,
          "outboundTag": "proxy",
          "ip": [],
          "domain": [
            "geosite:google"
          ],
          "protocol": null,
          "enabled": true
        },
        {
          "type": null,
          "port": null,
          "inboundTag": null,
          "outboundTag": "direct",
          "ip": [],
          "domain": [
            "domain:example-example.com",
            "domain:example-example2.com"
          ],
          "protocol": null,
          "enabled": true
        },
        {
          "type": null,
          "port": null,
          "inboundTag": null,
          "outboundTag": "block",
          "ip": [],
          "domain": [
            "geosite:category-ads-all"
          ],
          "protocol": null,
          "enabled": true
        }
      ],
      "enabled": true,
      "locked": true,
      "customIcon": null
    }
  ],
  "constItem": {
    "speedTestUrl": "http://cachefly.cachefly.net/10mb.test",
    "speedPingTestUrl": "https://www.google.com/generate_204",
    "defIEProxyExceptions": "localhost;127.*;10.*;172.16.*;172.17.*;172.18.*;172.19.*;172.20.*;172.21.*;172.22.*;172.23.*;172.24.*;172.25.*;172.26.*;172.27.*;172.28.*;172.29.*;172.30.*;172.31.*;192.168.*"
  }
}